2,@current I've got the live stream going #current....awesome!
2,Current TV is pretty cool. Streaming Twitter feedback #tweetdebate
2,#tweetdebate the first debate is about to start
2,#tweetdebate - good luck both candidates
2,I can't imagine McCaine beating Obama in a war of words. #tweetdebate
2,#tweetdebate Awesome first debate question
2,Obama +1 for swift and wise  #tweetdebate
2,+1 for Obama "Moving fast
2,Obama looks good. #tweetdebate #current
2,+1 for Obama having 4 clear objectives to his plan #tweetdebate
2,Looking forward to the twitter storm taking place tonight. #tweetdebate
2, Obama +1 for articulating his plans - initial & recognition #tweetdebate
2,Obama +1 on taxpayer protection and fair shake #tweetdebate
2,Obama +1 #tweetdebate
2,#tweetdebate +3 to Obama - the failed economy is because of the last 8 years of Bush and McCain's support for those policies
2,McCain +1 for plugging Kennedy #tweetdebate
2,+1 to Obama for trashing of the trickle down #tweetdebate
2,McCain +1 Kennedy comment #tweetdebate
2,Obama +1 for bullet pointing his bailout policy clearly #tweetdebate
2,Obama +2 for specifics #tweetdebate
2,+1 Obama #tweetdebate
2,+1 for mcCain #tweetdebate
2,1st impressions: Obama has come across as more presidential and articulate. #tweetdebate
2,+Obama for giving a clear concise answer to the first question 
2, +1 for Lehrer for calling them both back on track re: recovery plan #tweetdebate	MaThurrell	Maria Thurrell	2	2	2	2
2, @jowyang #tweetdebate +1 for Obama too for clear objectives but both are still not that clear where they stand.	martinbowling	martinbowling	2	2	3
2, I <3 lehrer #tweetdebate great move of repeating question	c4chaos	~C4Chaos	2	2	2	2
2, however no dependency on oil would be ideal #tweetdebate	starweaver		4	2	2	4
2, +1 for Jim Lehrer for being a great moderator
2,+2 for Obama making eye contact with the camera #tweetdebate
2,Obama +1 for equating Republicans with anti-regulation #tweetdebate
2,Obama +1 pt: We need more responsibility but not just during a crisis. #tweetdebate
2,#tweetdebate 21st century framework- I like that and it resonates with me as a future minded strategist & leader @barrackobama
2,mccain +1 for having a sense of humor (he heard him) #tweetdebate
2,Obama +3 for wanting responsibility all the time #tweetdebate
2,Obama: +2 for saying "we need responsibility all the time
2,Obama +1 for calling Mccain out on his history against oversight #tweetdebate
2,@nohype good point!
2,+3 McCain for looking Presidential #tweetdebate
2,Obama +1 for holding McCain accountable for his recent record #tweetdebate
2,+1 pt for McCain for his first direct answer #tweetdebate
2,McCain +1 quotable "I have a fundamental belief in the strength of the American worker." #tweetdebate
2,#tweetdebate +1 for Obama for shooting straight to the root of the ideological issue. +1 for McCain for admitting the Republican failure.
2,McCain +3 quotable - symptoms of this "disease" he calls it - resp. to runaway. spending #tweetdebate
2,Mccain +1 for directly differentiating his fiscal policy against Obama (cut spending) #tweetdebate
2,+1 Obama for calling out the $$ in tax cuts vs $$ in earmarks #tweetdebate
2,Obama +2 for putting earmarks in perspective #tweetdebate
2,@current #current +1 Obama for bringing up corporate tax cuts at the expense of the middle class. Growing from the bottom up. I like it.
2,Obama +1 for tax comment #tweetdebate
2,McCain +1 for blowing the whistle on pork barrel spending #tweetdebate
2,Obama +2 300 billion dollars wow Tax cut for ordianry American  #tweetdebate
2,Grow the economy from the bottom up. +3 to Obama for a nice sound bite. #tweetdebate
2,#tweetdebate -1 for McCain for repeating a lot of his talking points *verbatim* he already used since the Republican convention.
2,Mccain +2 for successful counter to Obama #tweetdebate
2,mccain +2 when obama suspended spending #tweetdebate
2,Mccain +1 "I want to cut spending and taxes" #tweetdebate
2,+1 Obama for giving specific data and clearly identifying is plan 
2,+2 pts for Obama for pouncing back on McCain #tweetdebate	tayari	Tayari Jones	2	2	2
2,+10 Obama for calling out the tax breaks given for outsourcing!!! #tweetdebate	CarriBugbee	Carri Bugbee	2	2	2
2,@current #current THe candidates are starting to interact more with each other. This is good.	sairy	Sarah Granger	2	2	2	2
2,#tweetdebate +2 for Obama re middle class income decline	gwfrink3	George Frink	1	2	2
2,Obama +2 for telling McCain what's up. #tweetdebate	mabraham1	mark andrew abraham	2	2	2
2,+1 obama for saying removing earmarks not only way to get back on track #tweetdebate	davidweiner	davidweiner	2	2	2
2,Obama +2 for tackling headon the McCain lie about raising taxes #tweetdebate	themurmish	A. Murmann	4	2	2
2,Agreed we can't afford another four #tweetdebate	NTWhite	NTWhite	2	1	2
2,#tweetdebate oops... should have been +2 Obama clarifies McCain's fuzzy m	LtRandazzo	Tony Randazzo	2	2	3
2,+1 McCain for further explaining the tax plan that Obama is harping on. #tweetdebate	CarriBugbee	Carri Bugbee	2	2	3
2,Obama +1 for laying out his own plan accurately and rebutting earmarks #tweetdebate	damnneargenius		2	2	3
2,Face it Obama is going to win regardless of debates
2,#tweetdebate Sen O doesn't know what "rich" is. How many houses does McPain have again?
2,Sen McCain would be a very popular President - $5000 tax refund per family!  #tweetdebate
2,Mccain +2 for McCain's sticking $932 MILLION to Obama
2,Obama +1 for good response to tax / rich challenge #tweetdebate
2,Obama +2 for successful response to the business tax issue #tweetdebate
2,+2 Obama for not letting McCain off the hook re: tax cuts #tweetdebate
2,Obama +3 for loop hole's. That's exactly how it is! #tweetdebate
2,+5 Obama for teling the truth about business taxes. You just want to add a tax benefit ON TOP of the loopholes #tweetdebate
2,+1 Obama calling out taxation on health benefits #current #tweetdebate
2,Obama +2 better argument comp to Mccain
2,#tweetdebate 95 percent of you will get a tax break.  +5 for Obama's detail
2,they're both getting a little fired up.  #Tweetdebate
2,Obama +3 zing taxes on health care benefits #tweetdebate
2,+1 mccain for saying "festooned" #tweetdebate
2,McCain +1 for using concrete examples. #tweetdebate
2,McCain +3 liking his proposed tax system #tweetdebate
2,Current TV stuff is kind of neat
2,Obama +1 for wanting to close corporate tax loopholes - not just cut taxes. #tweetdebate
2,+1 obama for mentioning $4b oil co tax cuts   #tweetdebate
2,#tweetdebate Obama is insisting that McCain back up his claims with facts.
2,#tweetdebate McPain is getting pwnd ahahah
2,Obama +3 quotable - "energy indepedence" ok. #tweetdebate
2,vote obama!#tweetdebate
2,Obama energy independence +3 #tweetdebate
2,Obama +1 for asserting clear priorities #tweetdebate
2,#tweetdebate Obama mntions energy independence and health care as budget priorities -- also education
2,Yes
2,Obama +2 for education and science and infrastructure comment #tweetdebate
2,Obama +1 for infrastructure. #tweetdebate
2,whoa! Obama "broadband lines"  think Mccain caught that? #tweetdebate
2,New electrical grid - interesting - I haven't heard Obama talk about that before #debate08 #tweetdebate #current #momocrats
2,+1 mccain talking about how far obama is across the aisle #tweetdebate
2,Obama +3 for having most liberal voting record #tweetdebate
2,mccain +1 for eliminating ethanol subsidies #tweetdebate
2,+5 Obama for alt energy
2,McCain +3 for good sound bite about reaching so far across the aisle from that far left #tweetdebate
2,#3 Obama #tweetdebate Obama commits to broadband for rural areas. thats the #1 priority for Coos Co. NH. @blendahtom @kramsey
2,McCain +1 for use of the word "festooned" #tweetdebate
2,#tweetdebate We have to do away with no-bid contracts
2,+1 Lehrer calling out both candidate's lack of commitment to change #tweetdebate
2,+2 Obama math
2,I know how to do this I can fix this" damn you!  #tweetdebate #current
2,McCain +2 defense spending cuts #tweetdebate
2,+1 McLehrer. I think Jim wins the debate. McLehrer for president! #tweetdebate
2,Obama +2 for crediting McCain where they agree. #tweetdebate
2,Obama +3 clearly saying 'what he will give up or not" re: energy etc. #tweetdebate
2,+2 lehrer for calling them on their lack of cajones  to suggest new plans for bailout  #tweetdebate
2,+3 Obama for alt energy
2,Obama +3 "Me being liberal
2,Google for gov't - good sound bite from Obama. #tweetdebate
2,@current #current +1 for bringing your successes with people from across the aisle. Nice comeback from McCain attack +1 Obama
2,Obama +1 for pushing transparency #tweetdebate
2,+3 obama for pointing out liberal voting record = opposing bush policies #tweetdebate
2,Lehrer +10 for calling both of them out on not answering the question #tweetdebate
2,#tweetdebate +2 for Obama for pointing out that McCain's health care plan will start taxing health insurance benefits
2,Obama +2 hatchet instead of scapel #tweetdebate
2,#tweetdebate Niiice
2,Obama +2 for successful rebuttal of simplistic solutions #tweetdebate
2,Obama +3 for Google for govt idea #tweetdebate
2,+3 Obama for quotable sound bite
2,#tweetdebate I like the hatchet/scalpel line.
2,+3 Obama #tweetdebate  putting priority on children and education
2,Obama +1 for a clear
2,Lerher is bringing the heat w/ questions. #current #tweetdebate
2,great examples by Obama #tweetdebate
2,Obama +3 comparing plans to rosevelt's accomplishments #tweetdebate
2,That's a great answer Barack! #obama #current
2,@JustinGunn this is the coolest thing I've seen on TV since the pilot episode of Heroes :-)
2,Obama +1 for first to bring up "values #tweetdebate
2,@current Google versus terrorists
2,+3 Obama for quoteable. Mccain is a hatchet I am a scapel comment. #tweetdebate
2,At least Obama is stressing this healthcare issue #tweetdebate
2,+2 Obama for clearly articulating that he will cut spending and saying how. #tweetdebate
2,+10 to Obama for pointing out that he will not leave out healthcare on a spending contraction #tweetdebate
2,#tweetdebate - McCain calls for a spending freeze! - that's what conservatives (and other fiscally responsible Americans) want to hear.
2,#tweetdebate +3 for Obama... spending freeze is you're using a hatchet when you need a scapel
2,obama +2 for not reacting with mccain-like annoying smile while listening #tweetdebate
2,+3 obama #tweetdebate for mentioning health care first. where IS that issue in all this discussion of priorities ?? McCain has no plan
2,@Condoulo but I do like @phillyd sxephil's plan of her hot legs. That's a good youtube video
2,Mccain +2 for dinging Obama on his high-cost health care policy #tweetdebate
2,McCain +1 spending china #tweetdebate
2,#tweetdebate If there's anyone here who thinks there aren't gov agencies who can't be cut
2,+2 for Obama going after McCain on budget spending & voting 90% of the time with GWB #tweetdebate
2,+1 obama for saying orgy #tweetdebate
2,@current #current YES! Obama hits McCain hard on controlling spending. SCORE +1 Obama
2,Obama +3 for "Orgy of spending." #tweetdebate
2,Obama +3 for holding the reps responsible! #tweetdebate
2,orgy of spending good soundbite from Obama #tweetdebate
2,+2 to Twitter for handling this so well (so far). #tweetdebate
2,#tweetdebate: Obama +2 for calling McCain out publicly on "government let spending get out of control"
2,Obama +2 ok..nice rebuttal - but #tweetdebate
2,+3 Obama for linking McCain to Bush's spending #tweetdebate
2,Orgy of spending. We should all start using the word "orgy" more often. #tweetdebate
2,#tweetdebate THAT'S how you hit back Obama. Keep that up!
2,Good job to Obama for pointing out the cognitive dissonance with McCain on his spending issue #current #tweetdebate
2,oooh. obama is fixin to out-maverick The Maverick! #current #tweetdebate
2,Mac is cracked if he thinks the Iraqis are EVER going to see U.S. as a friend.  They could give a sh*t.  #tweetdebate
2,@BarbaraNixon Trumps "festooned" :)
2,Mccain +1 for bringing to light recent successes in Iraq #tweetdebate
2,+1 Obama calling out costs of this Iraq war!! #tweetdebate
2,#tweetdebate +3 "eye off the ball" for Obama
2,-2 McCain predicting winning in Iraq before war is over   #tweetdebate
2,Obama +3 use military wisely quotable #Tweetdebate
2,Obama +2 we need to use the military wisely #tweetdebate
2,#tweetdebate
2,McCain +1 for response to Obama on Iraq War #tweetdebate
2,+2 Obama for saying that the US shouldn't have gone to Iraq in the first place and that it's a waste of money and lives. #tweetdebate
2,+2 Obama for rebutting war successes with Afghanistan and bringing up the cost/inefficiency of the war #tweetdebate
2,ORGY OF SPENDING! - Obama +2 for quote-of-the-night. #current #tweetdebate
2,ooh. i love it when obama says
2,+1 Obama for clear
2,+2 pts for Obama countering McCain on the war on Iraq in the Senate committee #tweetdebate
2,Senate Inside Baseball -- another good soundbite for Obama #tweetdebate
2,Obama +1 on timing of when the war started comment #tweetdebate
2,@wrekehavoc +3 to wreke for humorous asides #tweetdebate
2,retweet Obama +2 countering that the issues McCain brought up don't go thru his subcommittee #tweetdebate
2,Obama +2 for once again schooling McCain. #tweetdebate
2,McCain +2 for pointing out that Obama hasn't been to Iraq. #tweetdebate
2,+3 Obama #tweetdebate the war started in 2002. Obama makes the point on judgement
2,+1 obama
2,-1 Obama dodging McCain
2,McCain -3 they are winning? what is he on? IRAQ? #tweetdebate
2,+2 pts for Obama going after McCain for funding of the troops...timetable or no timetable? #tweetdebate
2,+4 Obama for addressing McCain directly on war in Iraq #tweetdebate
2,+1 Obama explaining attacks that he voted to cut spending for troops #tweetdebate
2,+1 for obama's eyemakeup #tweetdebate
2,#tweetdebate -1 para Obama por decir que Bin Laden "seguÃ­a libre" antes de la guerra con Afganistan y no decir que "sigue libre" aÃºn Â¬_Â¬
2,+3 Obama sound bite I absolutely understand the difference in strategy and tactics!  #tweetdebate
2,obama - +1 for more troops in Afghanistan #tweetdebate
2,FACT Obama used "Wildest Dream" when talking to Bill O'Reilly
2,+3 Obama sound bite I absolutely understand the difference in strategy and tactics #tweetdebate
2,Obama +3 - ok.. definitely about the whole "why we are at war with Iraq = strategic mistake #tweetdebate
2,Obama +2 "strategic mistake" #tweetdebate
2,Obama +1 for using "strategic" correctly. :) #tweetdebate
2,Obama +2 reasserting his "strategic" plans back in McCain's face #tweetdebate
2,-3 "peace and prosperity are coming to Iraq" #tweetdebate #current
2,Obama is not anti-war.  Never has been.  Just anti dumb strategy. # Current #debate08 #tweetdebate
2,#tweetdebate #current #debate08 Great debate Live Blog on www.mlive.com/grpress check it out!
2,#tweetdebate -1 Obama for letting McCain ruffle his feathers here and there. There are better ways to manage annoyance.
2,Obama +2 for bringing in Pakistan #tweetdebate
2,Obama +1 for more details in explaining the situation and laying out his plans. #tweetdebate
2,McCain +2 for pointing out relevancy of our leaving Afghan in the lurch after Russia left. #tweetdebate
2,McCain is calm
2,+1 Mccain for admitting being wrong #tweetdebate	jessbruder	jessbruder	2	2	2
2,+2 obama for pronouncing middle eastern countries correctly #tweetdebate	Tiak	Robert Picone	2	3	2
2,+1 Obama on Afghanistan #tweetdebate	kayce_m	kayce_m	2	2	2
2,McCain +3 for pull the trigger soundbite #tweetdebate	sk8bette	sk8bette	2	2	2
2,@Flap Yup
2,McCain admits a mistake; though I'm an obama fan
2,If you have to do things, You have to do things:  Brilliant! #tweetdebate #current
2,McCain +3 for teling Obamanot to threaten Pakistan on TV #tweetdebate
2,+1 mccain for taking obama to task about telegraphic Pakistan incursions  #tweetdebate
2,McCain +1 for leveraging his first-hand experience with Pakistan. #tweetdebate
2,+1 Obama clarifies his comments about taking out Bin Laden #tweetdebate
2,Obama +2 come back fr Mccain re: Pakistan #tweetdebate (I am yawning now LOL)
2,+1 McCain for pointing out that Obama supports making strikes in Pakistan against the gov'mnt wishes #tweetdebate
2,@esonnenberg I love *LOVE* that the two of us hear the same thing & take it two different ways. It's what makes America great. #tweetdebate
2,You have to admit
2,Obama +3 coming from you who sings songs about bombing Iran
2,@mabraham1 u couldn't be more wrong. obama is killin it. #current #tweetdebate #debate08
2,That was so awesome.. Bomb Bomb bomb Iran! #election08 #Tweetdebate #debates08
2,#tweetdebate Obama's relaxing. Good.
2,Obama +3 nailing it on Pakistan #tweetdebate
2,Ohhh... +3 Obama for his analysis of our relations with dictator Musharuf in Pakistan
2,+1 for Obama's description of Pakistan #tweetdebate
2,McCain +1 ok.. bring "reagan" and you get a point
2,here is where McCain's first hand history is helping  #tweetdebate
2,obama +2 for a successful counterpoint to opponents assertion regarding tax loop holes for smb #tweetdebate
2,Obama +2 for showing a nuanced understanding of Pakistani politics and for bringing up Mccain's ridiculous "bomb Iran" comments #tweetdebate
2,#tweetdebate - I seriously thought Obama would dominate the debate
2,I wish McCain had been like this at that atrocious Republican convention - drill baby drill - #tweetdebate
2,McCain +1 for bringing a "story" that's touching re: son enlisted bagdad.killed #tweetdebate
2,Obama +1 good retort!! Make sure no other mother goes through what I am going through. #current #tweetdebate
2,McCain is bringing tears to my eyes  with the military family stories.  #current #tweetdebate
2,+3 pts for Obama's soundbite about honoring the troops. #tweetdebate
2,#OBAMA WITH THE SLAAAAAAMMM!!!! 'no US soldier dies in vain' +3 #tweetdebate
2,We could have won Vietnam! # Current #debate08 #tweetdebate
2,Obama +1 nice come back with bracelet story bk "honor all the service prov" & ret with better question +2 #tweetdebate
2,Obama +2 for "I have a bracelet
2,Obama +2 for the counter story
2,Obama can actually respond intelligently to these questions. #current #debate08 #tweetdebate
2,love the #tweetdebate function off twitter.  Hilarious commentary going on.
2,Obama +3 "You don't muddle through the central front of terror." #tweetdebate
2,#obama: 'you don't muddle through afghanistan
2,@matttbastard I'll drink to that.
2,loving everyone's debate observations at #current
2,#current #tweetdebate is it me or is Obama gaining control of foreign policy discussion?
2,Obama +1 for the interesting pronunciation of Pakistan. #tweetdebate #debate08
2,#tweetdebate  a league of democracies
2,McCain +1 for pointing out we need allies in handling Iran #tweetdebate
2,Obama +3 dor bringing up Iraq vs. Iran fact! #tweetdebate
2,#tweetdebate +2 Obama for actually looking at McCain when he makes a point
2,#tweetdebate +3 Purple Tie!!
2,+2 Obama for showing an understanding of Middle East politics as a whole #tweetdebate
2,@seasonothebitch Yup. We have always been down with Eastasia...
2,macain +1 for continuing to date himself #tweetdebate
2,+1 pts for Obama's need for talking to allies & trade partners of Iran to help change Iran's nuclear ambitions. #tweetdebate
2,Obama +2 for a clear
2,oddly enough
2,@arpit #tweetdebate He was asked about Iran
2,+1 pts for McCain going after Obama for talking with evil leaders without preconditions. #tweetdebate
2,@current keep up the good work.. I bet your getting slammed
2,Mccain +1 ok.. for your efforts in pron. names #tweetdebate
2,+2 Mccain for understanding that history applies to the present #tweetdebate
2,#tweetdebate Kissenger can't leave the the country because he will get arrested in some countries... good one mccain
2,+2 Obama for clear  understanding of Iran/middle east issues #tweetdebate
2,+1pt for Obama saying "I reserve the right to meet w/whoever at the time of my choosing as president of US". #tweetdebate
2,Obama +2 fo tea with Ahmadinejad #tweetdebate
2,Obama +3 for using McCain's advisers against him. #tweetdebate
2,+3 Obama  sound bite: it doesn't mean you invite them for tea  #tweetdebate
2,+1 Obama - acknowleding that he was called "naive" #tweetdebate
2,+3 Obama There is a difference between pre-conditions and preparation #tweetdebate # current
2,+3 Obama There is a difference between pre-conditions and preparation #tweetdebate # current
2,Obama +2 on international policy. he's rocking this one! #tweetdebate
2,#tweetdebate I'm glad Obama's getting a chance to address this precondition thing.
2,+1 obama on preconditions and tea
2,@elaineschoch Totally justified. Your husband will understand.
2,+3pts for Obama: Talk first...if that doesn't work
2,Obama +2 for bringing up Spain fiasco #tweetdebate
2,Obama +1 pointing out McCain's bizarre statement regarding meeting prime minister of Spain #tweetdebate
2,want a t-shirt too! #tweetdebate
2,Sen. Obama, can you see Russia from your house??? #current #debate #tweetdebate
2,+2 Obama "The notion that we would sit with Akmujinadad and let him spew out bile comments without saying anything is wrong." #tweetdebate
2,#tweetdebate I like the debate format so far.  At least there is some back-and-forth.
2,+5 Obama for understanding that  conversation is key. #tweetdebate
2,Obama +2 for loose nukes in Russia #tweetdebate
2,obama +3 he seems to have done his homework on Russia good job #tweetdebate
2,#tweetdebate obama
2,+3 pts for McCain saying "I see three initials in front of Putin's name...a K
2,Mccain +2 for clearly understanding the situation in Russia #tweetdebate
2,McCain +2 for KGB soundbite and for access to facts (accurate or not) #tweetdebate
2,+1 Obama for being clear about dealing with Russia #tweetdebate
2,He pronounced that one right! One for two on the foreign leaders
2,mccain +1 for pronouncing the President of Georgia's name - although I have no idea if he said it correctly #tweetdebate
2,+3 McCain for knowing obscure Ukrainian places and people #tweetdebate
2,love the Tom Clancy suggestion!!  :-P  #tweetdebate
2,using the rating say (1-5) is interesting too  TheDailyDG: Obama +2 for bringing up Spain fiasco #tweetdebate
2,Obama +1 for alternative energy! #tweetdebate
2,+2 good comeback Obama
2,#tweetdebate McCain's doing quite well on the Georgia issue. Obama's response is decisive & knowledgeable. They both sound presidential.
2,@dalbee agreed. +1 for obama. #tweetdebate
2,@current #current My inner hippie is coming out. I'm glad we're getting to alternative energy now.
2,Obama +1 ok again with energy indep. #tweetdebate
2,Obama +2 clarifying what he is objecting #Tweetdebate
2,+2 Obama
2,+2 Obama for pointing out that he was never opposed to nuclear waste
2,1pt for McCain on another 9/11 attack..."we are a safe nation but far from safe". #tweetdebate
2,@BevJack what does Obama think about delta airlines #current #debate08 #tweetdebate #mccainshot #obamashot
2,McCain is against torture again. That's nice ... looked like he was supporting Bush for a while. #current #tweetdebate #debate08
2,I'll give +2 to McCain for bringing up TORTURE and not calling it harsh interrogation tactics #tweetdebate #cu09
2,Obama +2 For port security #tweetdebate
2,Glad to NOT hear 'in a post-9/11 world' #current
2,Obama is a great face for our country
2,Loving watching all these great tweets during the debate! Thanks @current and @twitter! #current
2,mccain as president= torture #current #debate08
2,There's a lot of work still to be done with homeland security. New report from @Heritage and CSIS. http://is.gd/3cg2 #debate08 #current
2,#current Nice block and bridge Sen. Obama
2,#tweetdebate Obama definitely seems to be winning among Twitterers using the #tweetdebate tag.
2,John Kerry
2,Obama won this from the handshake #current
2,Obamba kicked ass-especially with Afghanistan #current
2,+1pt for Obama wanting to restore our image to the world. #tweetdebate
2,McCain has the smile of success on his face. #current #debate08
2,RTbmaleszyk   Obama +2 for understanding how energy independence relates to our foreign policy in Russia #tweetdebate #current
2,#current "Restore America's Standing in the World" now I buy that! Go Obama.
2,@current #current Im more convinced now than I was before about who I will vote for. I guess that's something - but I had already decided b4
2,the flat American accent is DEFINITELY going to help McCain.  Barak is being too timid.  Average people need to see an Alpha Male. #current
2,yes. thank you obama. we need to restore our standing in the world. #current #mccainshot #obamashot
2,#debate08 #current The world likes Obama therefore we should vote for him.
2,Good point
2,#current Obama's job was to appear Presidential and measured.Anyone want to challenge that he succeeded?
2,-1pt for Obama continuously praising McCain. #tweetdebate
2,+5 obama restoring view of US around the world  #tweetdebate
2,oohh
2,+3 Obama for bringing up the need to restore our image in the world #tweetdebate
2,Obama-"The way we are percieved in the world is what will make things work." I kinda agree... #current
2,Whoever wins...Let's move away from the whole "with us or against us" idea #current
2,Obama +1 for emphasizing importance of restoring US reputation #tweetdebate
2,#current Obama demanded the debate (good decision) but seems to have been more prepped for economy than foreign affairs
2,shining beacon 
2,Obamas body language seems of that of an arrogant prick. Constantly "looking down" on McCain #current
2,#current #debate08 Vote Obama 2008! He knows what he is talking about without actually going there.
2,obama is doing better #current
2,McCain +1 for pointing out need to stop prison torture #tweetdebate
2,#current #debate08 star wars is baaaaack....
2,#tweetdebate McCain showing his experience quoting Ronald Regan
2,If McCain looses this debate he will cuss Obama out!!!! #current
2,OBAMA U ROCK! #CURRENT "j tap"
2,I would even agree that mccain was a better debater than I thought he would be.  McCain held his own #current
2,#current no clear winner = win for McCain
2,On CNN
2,Hack the debate rocks!  Thanks for giving us a fun way to participate. #current
2,I am a staunch supporter of Obama
2,@PJsMommy hey McCain's face is crooked so I guess they're even! #current
2,Greatest country on earth exactly....#tweetdebate
2,Obama has this in the bag #current
2,#current Get 'em Obama! =]
2,Obama has won this
2,Obama is teh WINNER #current
2,#current Obama's right. China is involved in Asia.
2,Interesting debate
2,#current I think McCain's going to see a bit of a bump from his performance.
2,INDEPENDENTS FOR OBAMA! #current
2,@BarackObama
2,obama +3 the conspicuousness of their presence is only matched by our absence #tweetdebate
2,What's all this talk about "winning" the debate? Obv everone thinks their own side "won." #current
2,Obama: Yes we can!
2,Obama won. Gentlemen it's time to put your old pens down. #current	tayari	Tayari Jones	2	2	2
2,#current Rocks the vote - best mashup - congrats!	gwfrink3	George Frink	2	2	4
2,thanks Obama for talking about domestic policy a little... #debate08 #current	organicmania	OrganicMania	2	2	1
2,#current ""...conspicuousness of their presence only matched by our absence..."" Nice."
2,@curreent McCain sounds better
2,Obama +3 Finance is a national security issue #tweetdebate
2,#current #debate08 McCain: If we lose in Iraq
2,@gloreebe88 Haha
2,+1 obama for saying Pakistan correctly. #tweetdebate
2,+3 Obama for bringing up the Vet's medical needs #tweetdebate
2,side note - Obama just more "Presidential" to me I don't see where his lack of experience comes to play - more coh & prep #tweetdebate
2,#current VETS for Obama
2,Excellent point by Obama about strength on the homefront being essential to success on the warfront. #current
2,Nice finish for Obama #current
2,I feel like Obama is back on track!#current
2,@current McCain sounds better
2,obama - "all chips in..." - nice poker reference! +1 for obama #current
2,Obama +3 the conspicuousness of their presence is only matched by our absence #tweetdebate
2,both win.. we saw how McCain wants blood and treasure.. Obama can talk strait.. no plundering needed McCain for Cptn-Obama for Pres #current
2,a broader strategic vision. i think thats a good point. #current
2,Open your minds to third parties! #current
2,That vision thang was alright #current
2,#current #debate08 Obama:"The next president needs to have a broader strategic vision that what we've had in the last 8 years."
2,Linking the strength of our economy to our future strength in the world. Good. #current
2,Obama wins!  #current
2,#current McPain: there are some advantages to experience
2,Obama has won
2,#current Obama has better ideas  #current
2,MCCain's gonna school Obama.  #debate08 #current
2,I'll stick with Obama's intelligence thank you #current
2,Obama is right
2,@210m Agreed. #current #debate08
2,Brilliant statement on a stable economy being a national security issue by Obama. #current
2,#current wish Obama improving
2,#current Obama definitely has better speaking presence
2,McCain raps up nicely #current #debate08
2,@JLApplegate #tweetdebate I agree each side will feel like they won
2,Wow! Obama was powerful there! #current
2,Obama is cleaning up with McCain. #tweetdebate
2,McCain: compares Obama to Bush as both "stubborn"  #current
2,obama smells the blood - going for the kill #current
2,#current McPain: taking care of veterans will be my job. I have ability
2,Obama +1 for bringing up the war spending and healthcare. #tweetdebate
2,China is buying mountains of resources in Africa and South America. Literally - they bought Mt Toromocho in Peru for minerals. #current
2,#current #debate08 McCain:"I know the vertarans and I know them well
2,+5 obama just put mccain to shame talking about non-Iraq issues and veteran care   #tweetdebate
2,I pre-emptively call this debate for Obama. Obama won. #current
2,My Father came from Kenya.. that is where I get my Name (not from Iraq) Obama #current #debate08
2,Heartstrings pulled! McCain is good... #current
2,Moonpie
2,THANK TWITTER & CURRENT 4 LETTING ME HACK THE DEBATE!! PEACE 2 U ALL- THINK LIKE DWIGHT-BEWARE THE MILITARY INDUSTRIAL COMPLEX #CURRENT
2,obama just slam dunked #current
2,McCain: "I don't need on-the-job training."  You sure about that? #current
2,Hey.. Barack I was born in Kenya (parents in the Peace Corps)...#current #debate08
2,Let me be clear
2,Jill Greenburg caught McCain's good side. #current
2,McCain - reform
2,Obama talks about father... and name. Needed to do that! #current
2,#current #debate08 Obama is being very eloquent and making good points about how the world sees us.
2,i agree with obama #current #debate08
2,McCain gets the last word!!!!  #current
2,@temporaryone he is stiff because he had nearly every bone in his body broken while a pow #current
2,Obama +3 The world is not inspired by the UStoday like they used to be.  We need to reverse this trend #tweetdebate.
2,#current Sen O: this is part of how we'll keep U.S. safe; helping people live out their dreams is one thing I'm committed too.
2,I really like how Obama's ending this... we really do need to earn the respect of the world again. #current
2,By the way
2,#current pow pow pow pow pow pow pow
2,McCain... Normalization of relations with Vietnam.. I know
2,lets talk about Present ISSUES and about your experience #current
2,McCain victory #debate08 #current
2,Jill Greenburg caught McCain's good side. #current #debate08
2,From where Obama? McCain.. Land of the free HOME of the brave! McCain hands down! #current
2,O: We can show the world - that we're going to invest in Education
2,Awsome debate! #current #obamashot #mccainshot
2,Boy I can't WAIT for the Vice President debate.... #debate08 #current
2,In Italy we could never vote Mac! Obama lives in present
2,I think Obama won #current
2,#current Obama wins on the economy
2,#current BINGO - lets not forget McCain was a POW!
2,@BarackObama GOOD JOB!#current
2,#current #debate08 IMO
2,Obama!#current
2,#current #debate08 good job
2,Obama is the winner of the debate #current
2,Woo
2,John McCain did well on two hours prep time
2,Wow! That was a hell of a good time! What a debate! Good job Obama! #current
2,#current all you pro-Obama-ites: REGISTER TO VOTE VERY SOON!!!
2,OBAMA WON!!  #current
2,palin vs biden gonna be real good #current
2,Obama +3 for convincingly explaining the need for America to earn back respect around the world #tweetdebate
2,McCain wins #current #debate08
2,Wow guys! Thanks so much. Stay tuned on Current TV and tweet @infoMania  #current
2,Obama mic'd: "Good job
2,lol obama told him good job!lols #current
2,The debte ends and Barry calls good job John....indeed #current #debate08
2,Now I can go to bed in peace #current
2,YAY!!!!!!!!!!! It's over!!! #current #debate08 #tweetdebate
2,lucky mccain for getting the last word...the most convincing/presidential thing he has said this debate #current
2,McCain just won w/ "I know how to heal war
2,Jim lehrer wins
2,#current #debate08 thanks current! fun stuff!
2,McCain: "I know how to heal the wounds of war"  Best line of the night. #debate #current
2,#current jim lehrer is the winner tonight
2,I like Cindy McCain .. she is on CARE board of directors. #current #tweetdebate #debate08
2,#debate08 #current Finally
2,#current Next week should be fun...Maverick against Palin? Gotta see this!
2,Hack the debate was great #tweetdebate #current
2,good debate
2,McCain kicked tail.  This debate definitely followed the theme of experience  #debate08 #debateok08 #current
2,Obama wins. #Current #debate08 #tweetdebate
2,these harvard kids at the watch party are on point! absentee ballots in the room. voter registration too. go head lil obamas #current
2,Good debate. Obama did well
2,Go McCain! You rock! #current #debate08
2,I think I will have fun making a video up with Obama saying John is right and Good Job John LOL #debate08 #current #debateok08
2,McCain dominated. That's all. #current
2,OBAMA! #current
2,Loved the fact that they kept their mics on after the end of the debate... haha #current
2,Connor from Current for President 20**? not sure when he becomes eligible
2,Obama wins. #current
2,YES. I can't hardly wait for the Vice Presidential debates! #current
2,I love the fact that Lehrer was able to tell the candidates to stay on topic. #current
2,mccain won in having an eye burning tie #current
2,Well
2,#current Obama won.
2,#current i have to say mccain did really well.  bummed.  thing is
2,YAY! #Current Drink drink drink!!!
2,@BarackObama Good Job. #current!
2,that was RAD.  Nice job Current TV
2,Awesome First Debate! #tweetdebate   Good job Obama!  The US should be the first nation to have 2 presidents at the same time
2,I'm very much looking forward to Obama's inauguration. It will be a great day for America. We've been through a long
2,Thanks you guys
2,Thay came in with game tonight #current
2,Yay! for non-dibating stuff :) #current
2,#tweetdebate Correction: The iPhone and Twitterriffic rock!!
2,Hmmmm
2,Obama wins!!! #tweetdebate
2,McCain clearly won this debate
2,Good debate
2,see you guys back here next week #current
2,@jowyang what was your tally? #tweetdebate
2,#current #debate08 the moderator really favored McCain...
2,@JustinGunn GOod job to you and yours. That was the most debating I've done with people on politics since I lived in DC.
2,Gloria Borger.. Obama held his own on defense issues with McCain #current #debate08
2,McCain WINS!!!! #debate08
2,McCain just won this debate! Hands down! #comment  #debate08 #debate
2,<insert my personal canidate> won the debate tonight. #current
2,Good debate. Job well done to both candidates! #current
2,#debate08 waiting for palin vs biden.. oh  bring that on!
2,Hack the debate with twitter was pretty intersting. Has my vote. #current
2,Obama looked more presidential +2 #tweetdebate
2,#debate08 The first debate can be summed up very easily "Senator McCain is right!"
2,I rock with Obama. #current
2,Obama IS telling the truth!!!#current
2,Glad to hear CNN is fact checking the presidential candidates' comments. Will be interesting to see what they find. #current
2,Obama did a good job of relating the issues together instead of just focusing on one thing at a time #debate08
2,#current not sure who 'won' but Obama obviously came off as the more personable of the two. Still voting Obama :)
2,All in all- good debate! Candidates were fairly intelligent and mostly respectful. Didn't change my opinion
2,The real winner tonight was Jim Lehrer.  You can't say PBS people don't have balls. #debate08
2,Based on this
2,Retweeting @mamikaze: @Krississippi being from a military family
2,#current quite a civilised debate
2,Gergen:  McCain clearly has superior FP understanding... #current #debate08
2,#debate08 NBC hit it right on the head! There seems to be something about Obama that McCain just can't stand.
2,#debate08 People are saying Lehrer favored McCain... I thought he was supposed to be all liberal biased?
2,+3 Obama for saying "orgy of spending" #tweetdebate
2,Obama got a crisp start in the debate (gergen) #current #debate08
2,#debate08 #current  Fred Barnes -  It was a tie but McCain finished strongly.
2,#debate08 Brokaw just said it best
2,#current #debate08 Barr:"The people of Iran have a strong free market view of Iran... but Iran has a history of participatory gov't"
2,@thePuck I am enjoying your editorial comments re: the debate. :D
2,Obama held is own on foreign policy (gergen) #current #debate08
2,Lehrer reall is a great moderator #current
2,Obama passed the test. #tweetdebate #current
2,#debate08 one thing we can agree on is these guys beat Bush & Kerry in a tag team any day.
2,I enjoyed that debate. thought it was smartly and hotly battled. personally it solidified my support for obama. #Debate08
2,Still voting Obama #current
2,@BarackObama You did AWESOME!!!!!!!!!
2,But overall - McCain was GREAT - very impressed
2,I feel like Obama came off as strong and explained why he chooses things. McCain just pushed msgs. #current
2,Undecided voters on my TV say Obama Wins! #current
2,For me
2,#current Does anyone think David Gurgen seems a little like Eeyore (not as much as Lieberman)? He says Obama demonstrated "knowledge."
2,The #debate definitely gave me clarity about the election.  I'm voting for Rufus T. Firefly. #debate08
2,I second that
2,Power went out.  Barr is now answering questions.  Good answers re: Iran
2,Wow FactCheck.org ahead of the game http://zi.ma/factcheck-wire it's faster than the speed of spin! #current #tweetdebate
2,#debate08 no memorable moment in this debate. McCain has more policy experience but Obama appears knowledgeable and held his ground.
2,McCain is the sheriff - Bennett CNN #current #debate08
2,#current if this Twitter audience is voting
2,CBSnews Nielsen "undecideds" - majority said Obama won this debate #debate08
2,@BarackObama  You did AWESOME!!!!!!!!!  #debate08
2,I agree with Sen. McCain should be the line of the night #debate08 #current
2,Yep. Still voting for Obama/Biden. #current
2,#current #debate08 Barr:"It is important to maintain landing rights
2,BINGO Obama just showed this country what diplomacy looks like
2,#debate08 and mccain wins...more experience where it counts
2,McCain sez Obama not fit/ready to be prez
2,RT @alexashrugged "I agree with Sen. McCain" should be the line of the night #debate08 #current
2,McCain definitely won. #current #debate08
2,Oh
2,@hnoftall not according to cbs's polling of undecided voters
2,#debate08 #current Juan Williams - Obama on the offensive.  Obama wins on economics and McCain on foreign policy.
2,Would love to be working the 'spin room' tonight. McCain was on and was forceful without looking like a jerk. #debateok08 #debate08
2,interesting debate...who is going to take the election? #debate08
2,McCain looked the most presidential
2,@MandianaJones - yes it was very obvious.
2,#debate08 I liked McCain's use of historical context. Obama probably avoided that because when he says it
2,End result -- both McCain and Obama appealed to their base. McCain was warrior like and Obama was Presidential  #debate08 Goodnight All
2,Going walking with @MisterRob now. Thanks #debate08 #tweetdebate http://election.twitter.com I enjoyed to commentary.
2,#current - I think McCain won even though I'm still voting for Obama
2,@BarackObama I don't care what McCain says
2,McCain/Palin 2008! #current #debate08
2,To watch what people said while the candidates were talking made it able to keep the attention better #current #debate08
2,@current Good job with the debate! It was interesting to see what everyone was saying. #current
2,#debate08 So whiie I feel that Obama could have fought back against the McC lies more
2,#debate08 @pamelalyn -- very cogent point.
2,Fact that an African American candidate went to Mississippi for a pres. debate & it was a non-issue speaks to how far we've come #current
2,@davidweiner Yes.  Uppercuts!  That's what I want in a debate.  Not condescending
2,THREE CHEERS FOR TWITTER! STAYING ALIVE DURING THE DEBATE! #debate08 #tweetdebate #current
2,A great debate for America
2,I think McCain was very strong and won this debate #debate08
2,#current wow-ABC is doing a "fact check" of the debate. Great idea. They should post all their lookups online.
2,obama said "I agree with john" at least 8 times
2,#current Guillliani: "McCain gave Obama a lesson in foriegn policy." Those spin-meister work fast!
2,would you like to have tea? +5 for obama for being a smart a** #tweetdebate
2,That was fun. #current and #debate08 completely changes this debate season.
2,#debate08 I think the thing that most came out of this is that Obama looked more presidential
2,#debate08  mccain = yesterday's man!
2,Friends at the debate party tonight think that McCain hammering on earmarks/spending was great. "That's why we lost in 2006." #debate08
2,The spin room is getting dizzy #debateok08 #debate08
2,name dropping not a bad thing 
2,#debate08 The speed of these campaigns is amazing: http://tinyurl.com/43n74w
2,McCain regained the week #current #debate08
2,#debate08 the "I agree with John" points are going to be hammered by Fox News and the GOP
2,New campaign ad with debate footage: McCain Is Right. http://is.gd/3chN  #debate08 #current (h/t @kevinbinversie)
2,so much fun watching debate on #Current with tweets.  loved it!
2,Go Obama! I think he's doing well so far. #debate08
2,#winner #current Where Obama made strides is in sounding and feeling credible and Presidential
2,John is right Obama's defining phrase #current #debate08
2,@joberdorf Obama supports veterans more than McCain does. Obama at least favored the new GI Bill! #debate08
2,74.6% said obama won the debate on msnbc poll: http://tinyurl.com/3frb5c #debate08 #tweetdebate
2,#debate08 Obama will restore America's pride and global image
2,@msblog that was pretty awesme #debate08
2,#Current + Twitter was great way to watch the debate. If only Daily Show and Colbert were about to air to really put it all in perspective.
2,was pleasantly surprised by the first #debate08.  Moderator actually let them go after each other.
2,WOW - McCain already has an "I agree with Sen. McCain" ad!  SWEET http://tinyurl.com/43n74w #debate08 #current
2,I like the CNN analysis tonight
2,#current McCain is old
2,@orbitaldiamonds Lucky. I'll be here drinking lots of tea.
2,@NewsHour Jim did great! #debate08
2,currently 75.2% said obama won the debate on msnbc poll: http://tinyurl.com/3frb5c #debate08
2,@BarbaraKB yeah @current is doing some awesome things mashing up tv with social media
2,No one hit the mat. #tweetdebate
2,@davidweiner Obama was the gent.
2,@martinbowling mccain has a hard time suffering fools #tweetdebate
2,Wow
2,#current i think the 'mcC is right on...' by O is a good thing in itself
2,Great to see so many people engaged in the debates and election; regardless of party affiliation or candidate of choice.  #current
2,I think saying
2,#debate08 @JohnMcCain has 954 Twitter Followers. @BarackObama has 86
2,think I'm gonna watch the rest of the debate on the Beeb. need some better commentary #debate08
2,rt @alexashrugged    [Argh - ZT] WOW - McCain already has an "I agree with Sen. McCain" ad! SWEET http://tinyurl.com/43n74w #current
2,McCain nailed it in a few spots
2,@alexashrugged  WOW - McCain already has an "I agree with Sen. McCain" ad! SWEET http://tinyurl.com/43n74w #debate08 #current
2,Both held there own.  Interested to see what happens next week.  Uncommitted voters statistics are interesting. #current
2,McCain Debate Central webpage has some good rapid response info on it. http://is.gd/3ciC #debate08 #current
2,@lindagoin I was happy with Obama's performance.  I expected him to seem more uncomfortable but I felt that he had control of the tone.
2,McCain cruises to easy win in 1st debate #current
2,Thought Lehrer was good - a few simple interventions and stayed out the way #debate08
2,I thought Obama laughing at McCain's wilder statements was effective and seemed natural. #current
2,Obam won the debate #current
2,1am Rachel Maddow LIVE on MSNBC TV #current
2,if @fakeobama agreed with me any more i think i'd be able to count on his vote this november #tweetdebate
2,That was so rad. I really had fun following along with #current. Sorry to all my friends for the number of tweets I sent the last hour.
2,Retweeting @RobertBluey: McCain Debate Central webpage has some good rapid response info on it. http://is.gd/3ciC #debate08 #current
2,Nice work everyone on the #tweetdebate. I watched a timeshifted version
2,#tweetdebate msnbc poll says that 74.9% of people thinks Obama won the debate http://tinyurl.com/3frb5c
2,Retweeting @JPmicek -McCain's team is fast! Obama's words frm debate in ad already! http://snurl.com/3vlxx  WOW - that was FAST!#tweetdebate
2,That was a blast #current
2,@orbitaldiamonds Aw
2,Best Week Ever doing great #suspension spoofs. Need something light after #debate08.
2,@infinitelymeta i was watching twitter's election2008 pg too - enjoyed following the #tweetdebate thread - quite entertaining...
2,@kenbooth The real winner of the debate? Twitter. Their free-flowing ajaxy #debate08 pages were fun. Sure beats talking heads. And no whales
2,God
2,According to a poll by CBS
2,#current Biden kicking McCain's butt on CNN
2,going to NH next saturday to help with Obama's campaign. #current
2,watched the debate
2,#debate08 Wolf:  "it would be nice if Sarah Palin would join us"
2,@stillgray btw nice website!
2,Wow...the CSPAN people are explaining what "Twitter" is to the audience...#debate08
2,McCain +3 for admitting that the US engaged in torture! #tweetdebate
2,@disavian I agree.  It's tough to see an old war horse like McCain take empty swipes.  He'll have his place back in the Senate when he loses
2,@jpippert The "I wore my tie that looks good on the radio" tie? Oh yes. Smooth move
2,@ pavlicko you gained at least one follower from searching tweetscan for #debate08 and then drilling down to read your comments.
2,#debate08 Tweeting in front of the TV while watching the debate tonight with a cocktail was a hoot! Don't miss the next ones - with tequila!
2,I love Twitter.. the new bar on the top is neat- o http://election.twitter.com/#debate08. A trip to read in real time public opinion
2,All McCain has is lies why can't he just tell the American people the truth. #current
2,@stevenbjohnson he said "don't torture... ever again." pretty clearly. #debate08
2,@janoss - re: emotive - neither candidate has it
2,CNN played Kissinger's response proving McCains answer correct. #debate08
2,the debate was a draw.  I thought Mccain did come out slightly on top because he sounded more educated on the issues. good closing.#debate08
2,@wcdarling Perhaps view #debate08 in RSS: http://tinyurl.com/4w7za2
2,Amazing.. McCain's debate ad out NOW http://tinyurl.com/43n74w #debate08
2,so
2,#debate08 I love watching comments roll in on Twitter's Election2008!
2,@lindagoin To be honest
2,@janoss - So
2,#current  Why the obsessions on both right and left with who won? Both candidates clarified their positions--the viewers were the winners.
2,For what it's worth, McCain is kicking Obama's ass on the Drudge poll. #debate08
2,John McCain: McCain Is Right http://polfeeds.com/item/McCain-Is-Right #debate08 #current #tweetdebate
2,@matttbastard I wish I could stay up late enough to catch Rachel's whole hour. but I need sleep. last night was kind of epic.
2,FactCheck.org: I'd love to see you live tweet fact checks for the next debate. That would be *hot*. #current #debate08
2,@drunnells agreed!
2,@current This was the most intense political debate I've had since I worked in politics & lived in DC Can't wait for next one!
2,#debate08 Obama FTW.
2,@drunnells agreed!  #debate08
2,@davidweiner Good question.  They both had some good lines
2,#debate08 @drunnells agreed!
2,Obama said McCain was right on several issues! #debate08
2,#debate08 Mccain mostly had his advantage by violating Lehrer's moderating.That he tied/slightly won on his strongest suit is encouraging
2,vermontgmg: Amazing how the "IND" dial line on CNN drops whenever McCain starts talking. #debate08 http://tinyurl.com/3fq2qy
2,Nice
2,Barack Obama won this debate #tweetdebate
2,#debate08 Great coverage on CNN measuring audience responses in real-time.
2,Biden on MSNBC: "A good night for our team." #debate08
2,McCain was silent while Obama talked.  Obama kept on trying to get a word in during McCain's answers.  That bothered me a lot. #debate08
2,#debate08 the CW (Halperin) says Obama A- McCain B-
2,#debate08 @Autumm right
2,@etherkiller i don't know
2,#debate08 - man Biden is GOOD (MSNBC).
2,@korym Good night!
2,#current - Wow!  Obama does his homework!  The most impressive thing tonight - HE HAD HIS OWN BRACELET!  So there!  Let the droolfest begin!
2,@Imarilove I don't trust someone who won't meet my gaze.  I liked the fact that Obama looked directly at the camera(toward people watching)
2,#debate08 Biden is on fire on MSNBC. Really nailing it.
2,#debate08 interesting debate
2,HUGE thanks to the @twitter team for partnering on this. we can't wait to do it again next week. #current
2,#debate08 @kcrusher Nuclear all the way. We need to explore that territory more.
2,Obama did very well  #debate08
2,Biden is the MAN! #debate08
2,I think McCain won this debate easily #current
2,@Imarilove Yes
2,Bloggers right; mccain won because it is his issue. #debate08
2,Anyone trying to say John McCain is a liar
2,CNN post debate polling is saying the debate went to Obama with over a 10 point lead #debate08 #current
2,@RobTornoe Lisa
2,Very big Obama lead in the CNN post debate poll. Interesting. #debate08
2,Obama needs to go for the jugular. You can take this guy Barack... go get 'im. #tweetdebate #debate08
2,I like @jowyang's scoring method. It really makes you think about these comments. http://tinyurl.com/3jdy67 #tweetdebate
2,#tweetdebate +1 Obama clarifies McCain's fuzzy math
2,not me
2,#tweetdebate Great question - what compromises need to be made in face of economic malaise
2,+1 Obama we need to get rid of programs that don't work and bring in programs that are up to date #tweetdebate
2,#tweetdebate Obama +3 for CPA
2,Yeah
2,#current I agree that most people will remain unchanged by debate. Usually the case. Never know
2,Obama just said we must use taxdollars to spend our way to national security...huh? #current #debate08
2,@jaymesiemer absolutely he does!!! #debate08 #current
2,Send a message to the world. #current
2,Why are the religious right not voting for Obama? If they think he is the second coming of Jesus, Vote for him!!!!! #current
2,@israelpattison declared Obama as the Nov. 4th winner that is #debate08
2,Okay
2,Obama
2,funny me-too from obama "i have a bracelet!" #tweetdebate
2,McCain already created a video on Obama saying he is right: http://is.gd/3chN #debate08
2,Obama on the surge: you were wrong
2,#current Gurgen: Obama more focused on diplomacy; McCain has more "muscular" neo-con view. Closer to Bush first term.
